,Accuracy,Precision,Recall,F1-Score
Logistic Regression,0.9736842105263158,0.9722222222222222,0.9859154929577465,0.9790209790209791
SVM,0.956140350877193,0.9714285714285714,0.9577464788732394,0.9645390070921985
Random Forest,0.9649122807017544,0.958904109589041,0.9859154929577465,0.9722222222222222
KNN,0.9473684210526315,0.9577464788732394,0.9577464788732394,0.9577464788732394
Naive Bayes,0.9649122807017544,0.958904109589041,0.9859154929577465,0.9722222222222222
XGBoost,0.956140350877193,0.9583333333333334,0.971830985915493,0.965034965034965
